Compound_ID,SMILES,TEST_PCHEMBL_VALUE2,Series,Molecular_Weight,Num_Heavy_Atoms,Property,Property_Value,Censors,Nonadditivity_Pure,Nonadditivity_Pure_SD,Nonadditivity_Pure_Count,Nonadditivity_Mixed,Nonadditivity_Mixed_SD,Nonadditivity_Mixed_Count
ID1,CC=Cc1ccc(C)nc1,4.5,SERIES1,133.194,10,TEST_PCHEMBL_VALUE,4.5,,2.5,0.0,1.0,-0.8000000000000007,0.0,1.0
ID2,CC(F)=Cc1ccc(C)nc1,<4.2,SERIES1,151.18399999999997,11,TEST_PCHEMBL_VALUE,4.2,,-2.5,0.0,1.0,,,0.0
ID3,CC=C(Cl)c1ccc(C)nc1,<3.7,SERIES1,167.63899999999998,11,TEST_PCHEMBL_VALUE,3.7,,-2.5,0.0,1.0,,,0.0
ID4,CC(F)=C(Cl)c1ccc(C)nc1,5.9,SERIES1,185.629,12,TEST_PCHEMBL_VALUE,5.9,,2.5,0.0,1.0,0.8000000000000007,0.0,1.0
ID5,CC=Cc1cnc(C)c(O)c1,3.4,SERIES1,149.193,11,TEST_PCHEMBL_VALUE,3.4,,,,0.0,0.8000000000000007,0.0,1.0
ID6,CC(F)=C(Cl)c1cnc(C)c(O)c1,4.0,SERIES2,201.628,13,TEST_PCHEMBL_VALUE,4.0,,,,0.0,-0.8000000000000007,0.0,1.0
ID7,CC(F)=C(Cl)C1=C(C)C(O)=C1,0.5,SERIES2,174.602,11,TEST_PCHEMBL_VALUE,0.5,,,,0.0,,,0.0
ID8,CCC(F)CC,2.2,SERIES2,90.14099999999999,6,TEST_PCHEMBL_VALUE,2.2,,,,0.0,,,0.0
